USE `criminalite`;

-- =================== --
-- INSERT DEPARTEMENTS --
-- =================== --

INSERT INTO `departement` (`id_dep`, `num_dep`, `label_dep`) VALUES
(1, '01', 'Ain'),
(2, '02', 'Aisne'),
(3, '03', 'Allier'),
(4, '04', 'Alpes-de-Haute-Provence'),
(5, '05', 'Hautes-Alpes'),
(6, '06', 'Alpes-Maritimes'),
(7, '07', 'Ardèche'),
(8, '08', 'Ardennes'),
(9, '09', 'Ariège'),
(10, '10', 'Aube'),
(11, '11', 'Aude'),
(12, '12', 'Aveyron'),
(13, '13', 'Bouches-du-Rhône'),
(14, '14', 'Calvados'),
(15, '15', 'Cantal'),
(16, '16', 'Charente'),
(17, '17', 'Charente-Maritime'),
(18, '18', 'Cher'),
(19, '19', 'Corrèze'),
(20, '2A', 'Corse-du-sud'),
(21, '2B', 'Haute-corse'),
(22, '21', 'Côte-d\'or'),
(23, '22', 'Côtes-d\'armor'),
(24, '23', 'Creuse'),
(25, '24', 'Dordogne'),
(26, '25', 'Doubs'),
(27, '26', 'Drôme'),
(28, '27', 'Eure'),
(29, '28', 'Eure-et-Loir'),
(30, '29', 'Finistère'),
(31, '30', 'Gard'),
(32, '31', 'Haute-Garonne'),
(33, '32', 'Gers'),
(34, '33', 'Gironde'),
(35, '34', 'Hérault'),
(36, '35', 'Ile-et-Vilaine'),
(37, '36', 'Indre'),
(38, '37', 'Indre-et-Loire'),
(39, '38', 'Isère'),
(40, '39', 'Jura'),
(41, '40', 'Landes'),
(42, '41', 'Loir-et-Cher'),
(43, '42', 'Loire'),
(44, '43', 'Haute-Loire'),
(45, '44', 'Loire-Atlantique'),
(46, '45', 'Loiret'),
(47, '46', 'Lot'),
(48, '47', 'Lot-et-Garonne'),
(49, '48', 'Lozère'),
(50, '49', 'Maine-et-Loire'),
(51, '50', 'Manche'),
(52, '51', 'Marne'),
(53, '52', 'Haute-Marne'),
(54, '53', 'Mayenne'),
(55, '54', 'Meurthe-et-Moselle'),
(56, '55', 'Meuse'),
(57, '56', 'Morbihan'),
(58, '57', 'Moselle'),
(59, '58', 'Nièvre'),
(60, '59', 'Nord'),
(61, '60', 'Oise'),
(62, '61', 'Orne'),
(63, '62', 'Pas-de-Calais'),
(64, '63', 'Puy-de-Dôme'),
(65, '64', 'Pyrénées-Atlantiques'),
(66, '65', 'Hautes-Pyrénées'),
(67, '66', 'Pyrénées-Orientales'),
(68, '67', 'Bas-Rhin'),
(69, '68', 'Haut-Rhin'),
(70, '69', 'Rhône'),
(71, '70', 'Haute-Saône'),
(72, '71', 'Saône-et-Loire'),
(73, '72', 'Sarthe'),
(74, '73', 'Savoie'),
(75, '74', 'Haute-Savoie'),
(76, '75', 'Paris'),
(77, '76', 'Seine-Maritime'),
(78, '77', 'Seine-et-Marne'),
(79, '78', 'Yvelines'),
(80, '79', 'Deux-Sèvres'),
(81, '80', 'Somme'),
(82, '81', 'Tarn'),
(83, '82', 'Tarn-et-Garonne'),
(84, '83', 'Var'),
(85, '84', 'Vaucluse'),
(86, '85', 'Vendée'),
(87, '86', 'Vienne'),
(88, '87', 'Haute-Vienne'),
(89, '88', 'Vosges'),
(90, '89', 'Yonne'),
(91, '90', 'Territoire de Belfort'),
(92, '91', 'Essonne'),
(93, '92', 'Hauts-de-Seine'),
(94, '93', 'Seine-Saint-Denis'),
(95, '94', 'Val-de-Marne'),
(96, '95', 'Val-d\'oise'),
(97, '971', 'Guadeloupe'),
(98, '972', 'Martinique'),
(99, '973', 'Guyane'),
(100, '974', 'Réunion'),
(101, '975', 'Saint-Pierre-et-Miquelon'),
(102, '976', 'Mayotte'),
(103, '977', 'Saint-Barthélemy'),
(104, '978', 'Saint-Martin'),
(105, '986', 'Wallis-et-Futuna'),
(106, '987', 'Polynésie française'),
(107, '988', 'Nouvelle-Calédonie'),
(108, '989', 'île de Clipperton'),
(109, '984', 'Terres australes et antarctiques françaises');

-- ============ --
-- INSERT UNITE --
-- ============ --

INSERT INTO `unite` (`id_unite`, `label_unite`) VALUES
(1, 'Auteur'),
(2, 'Chèque'),
(3, 'Infraction'),
(4, 'Plaignant'),
(5, 'Plaignant jusqu’au 28/02/2015 puis Victime'),
(6, 'Procédure'),
(7, 'Véhicule'),
(8, 'Victime'),
(9, 'Victime entendue'),
(10, 'Non utilisé');

-- ============ --
-- INSERT TYPES --
-- ============ --

INSERT INTO `type_infra` (`id_type_infra`, `id_unite`, `label_type_infra`) VALUES
(1, 8, 'Règlements de compte entre malfaiteurs'),
(2, 8, 'Homicides pour voler et à l\'occasion de vols'),
(3, 8, 'Homicides pour autres motifs'),
(4, 8, 'Tentative homicide pour voler et à l\'occasion de vols'),
(5, 8, 'Tentative homicide pour autres motifs'),
(6, 8, 'Coups et blessures volontaires suivis de mort'),
(7, 5, 'Autres coups et blessures volontaires criminel ou correctionnel'),
(8, 3, 'Prise d\'otage à l\'occasion de vols'),
(9, 3, 'Prise d\'otage dans un autre but'),
(10, 6, 'Séquestration'),
(11, 6, 'Menace ou chantage pour extorsion'),
(12, 5, 'Menace ou chantage dans autre but'),
(13, 6, 'Atteintes à la dignité et à la personnalité'),
(14, 3, 'Violation de domicile'),
(15, 3, 'Vols à main armée contre établissements financiers'),
(16, 3, 'Vols à main armée contre éts industriels ou commerciaux'),
(17, 3, 'Vols à main armée contre des entreprises de transport de fonds'),
(18, 3, 'Vols à main armée contre des particuliers à leur domicile'),
(19, 3, 'Autres vols à main armée'),
(20, 3, 'Vols avec arme blanche contre des éts financiers, commerciaux ou industriels'),
(21, 3, 'Vols avec arme blanche contre des particuliers à leur domicile'),
(22, 3, 'Autres vols avec armes blanches'),
(23, 3, 'Vols violents sans arme contre des éts financiers, commerciaux ou industriels'),
(24, 3, 'Vols violents sans arme contre des particuliers à leur domicile'),
(25, 3, 'Vols violents sans arme contre des femmes sur voie publique ou autre lieu public'),
(26, 3, 'Vols violents sans arme contre d\'autres victimes'),
(27, 3, 'Cambriolages de résidences principales'),
(28, 3, 'Cambriolages de résidences secondaires'),
(29, 3, 'Cambriolages d\'établissement industriels, financiers ou commerciaux'),
(30, 3, 'Cambriolages d\'autres lieux'),
(31, 9, 'Vols avec entrée par ruse en tous lieux'),
(32, 9, 'Vols à la tire'),
(33, 9, 'Vols à l’étalage'),
(34, 7, 'Vols de véhicule de transport avec frêt'),
(35, 7, 'Vols d\'automobiles'),
(36, 7, 'Vols de véhicules motorisés à 2 roues'),
(37, 7, 'Vols a la roulotte'),
(38, 7, 'Vols d\'accessoires sur véhicule à moteur immatriculés'),
(39, 3, 'Vols simples sur chantier'),
(40, 3, 'Vols simples sur exploitations agricoles'),
(41, 9, 'Vols simples contre éts publics ou privé'),
(42, 9, 'Vols simples contre des particuliers dans des locaux privés'),
(43, 9, 'Vols simples contre des particuliers dans des locaux ou lieux publics'),
(44, 3, 'Recels'),
(45, 6, 'Proxénétisme'),
(46, 8, 'Viols sur majeur(e)s'),
(47, 8, 'Viols sur mineur(e)s'),
(48, 8, 'Harcèlements sexuels et autres agressions sexuelles sur majeur(e)s'),
(49, 8, 'Harcèlements sexuels et autres agressions sexuelles sur mineur(e)s'),
(50, 6, 'Atteintes sexuelles'),
(51, 8, 'Homicides commis contre enfants de moins 15 ans'),
(52, 8, 'Violences, mauvais traitements et abandons d\'enfants'),
(53, 1, 'Délits au sujet de la garde des mineurs'),
(54, 1, 'Non versement pension alimentaire'),
(55, 6, 'Trafic et revente de stupéfiants sans usage'),
(56, 1, 'Usage et revente de stupéfiants'),
(57, 1, 'Usage de stupéfiants'),
(58, 6, 'Autres infractions à la législation sur les stupéfiants'),
(59, 6, 'Délits de débits de boissons et infraction à la règlementation sur l\'alcool et le tabac'),
(60, 6, 'Fraudes alimentaires et infraction a l\'hygiène'),
(61, 6, 'Autres délits contre santé publique et la réglementation des professions médicales'),
(62, 6, 'Incendies volontaires de biens publics'),
(63, 6, 'Incendies volontaires de biens privés'),
(64, 6, 'Attentats à l\'explosif contre des biens publics'),
(65, 6, 'Attentats à l\'explosif contre des biens privés'),
(66, 4, 'Autres destructions et dégradations de biens publics'),
(67, 4, 'Autres destructions et dégradations de biens privés'),
(68, 4, 'Destructions et dégradations de véhicules privés'),
(69, 6, 'Infractions aux conditions générales d\'entrée et de séjour des étrangers'),
(70, 6, 'Aide à l\'entrée, à la circulation et au séjour des étrangers'),
(71, 6, 'Autres infractions à la police des étrangers'),
(72, 6, 'Outrage à dépositaires autorité'),
(73, 6, 'Violences à dépositaires autorité'),
(74, 6, 'Port ou détention d\'armes prohibées'),
(75, 6, 'Atteintes aux intérêts fondamentaux de la Nation'),
(76, 6, 'Délits des courses et des jeux'),
(77, 6, 'Délit d\'interdiction de séjour et de paraître'),
(78, 6, 'Destructions, cruautés et autres délits envers les animaux'),
(79, 6, 'Atteintes a l\'environnement'),
(80, 6, 'Chasse et pêche'),
(81, 6, 'Faux documents d’identité'),
(82, 6, 'Faux documents concernant la circulation des véhicules'),
(83, 6, 'Autres faux documents administratifs'),
(84, 6, 'Faux en écriture publique et authentique'),
(85, 6, 'Autres faux en écriture'),
(86, 6, 'Fausse monnaie'),
(87, 7, 'Contrefaçons et fraudes industrielles et commerciales'),
(88, 7, 'Contrefaçons littéraires et artistiques'),
(89, 2, 'Falsification et usages de chèques volés'),
(90, 7, 'Falsification et usages de cartes de crédit'),
(91, 7, 'Escroquerie et abus de confiance'),
(92, 7, 'Infractions à la législation sur les chèques'),
(93, 6, 'Travail clandestin'),
(94, 6, 'Emploi d\'étranger sans titre de travail'),
(95, 6, 'Marchandage - prêt main d’œuvre'),
(96, 10, 'Index 96 non utilise'),
(97, 10, 'Index 97 non utilise'),
(98, 6, 'Banqueroutes, abus de biens sociaux et autres délits de société'),
(99, 10, 'Index 99 non utilise'),
(100, 10, 'Index 100 non utilise'),
(101, 6, 'Prix illicites, publicités fausses et infractions aux règles de la concurrence'),
(102, 6, 'Achats et ventes sans factures'),
(103, 6, 'Infractions à l\'exercice d\'une profession réglementée'),
(104, 6, 'Infractions au droit de l\'urbanisme et de la construction'),
(105, 6, 'Fraudes fiscales'),
(106, 6, 'Autres délits économiques et financiers'),
(107, 6, 'Autres délits');

-- ============== --
-- INSERT PERIODE --
-- ============== --

INSERT INTO `periode` (`id_periode`, `date_periode`) VALUES
(1, '1996-01-01'),
(2, '1996-02-01'),
(3, '1996-03-01'),
(4, '1996-04-01'),
(5, '1996-05-01'),
(6, '1996-06-01'),
(7, '1996-07-01'),
(8, '1996-08-01'),
(9, '1996-09-01'),
(10, '1996-10-01'),
(11, '1996-11-01'),
(12, '1996-12-01'),
(13, '1997-01-01'),
(14, '1997-02-01'),
(15, '1997-03-01'),
(16, '1997-04-01'),
(17, '1997-05-01'),
(18, '1997-06-01'),
(19, '1997-07-01'),
(20, '1997-08-01'),
(21, '1997-09-01'),
(22, '1997-10-01'),
(23, '1997-11-01'),
(24, '1997-12-01'),
(25, '1998-01-01'),
(26, '1998-02-01'),
(27, '1998-03-01'),
(28, '1998-04-01'),
(29, '1998-05-01'),
(30, '1998-06-01'),
(31, '1998-07-01'),
(32, '1998-08-01'),
(33, '1998-09-01'),
(34, '1998-10-01'),
(35, '1998-11-01'),
(36, '1998-12-01'),
(37, '1999-01-01'),
(38, '1999-02-01'),
(39, '1999-03-01'),
(40, '1999-04-01'),
(41, '1999-05-01'),
(42, '1999-06-01'),
(43, '1999-07-01'),
(44, '1999-08-01'),
(45, '1999-09-01'),
(46, '1999-10-01'),
(47, '1999-11-01'),
(48, '1999-12-01'),
(49, '2000-01-01'),
(50, '2000-02-01'),
(51, '2000-03-01'),
(52, '2000-04-01'),
(53, '2000-05-01'),
(54, '2000-06-01'),
(55, '2000-07-01'),
(56, '2000-08-01'),
(57, '2000-09-01'),
(58, '2000-10-01'),
(59, '2000-11-01'),
(60, '2000-12-01'),
(61, '2001-01-01'),
(62, '2001-02-01'),
(63, '2001-03-01'),
(64, '2001-04-01'),
(65, '2001-05-01'),
(66, '2001-06-01'),
(67, '2001-07-01'),
(68, '2001-08-01'),
(69, '2001-09-01'),
(70, '2001-10-01'),
(71, '2001-11-01'),
(72, '2001-12-01'),
(73, '2002-01-01'),
(74, '2002-02-01'),
(75, '2002-03-01'),
(76, '2002-04-01'),
(77, '2002-05-01'),
(78, '2002-06-01'),
(79, '2002-07-01'),
(80, '2002-08-01'),
(81, '2002-09-01'),
(82, '2002-10-01'),
(83, '2002-11-01'),
(84, '2002-12-01'),
(85, '2003-01-01'),
(86, '2003-02-01'),
(87, '2003-03-01'),
(88, '2003-04-01'),
(89, '2003-05-01'),
(90, '2003-06-01'),
(91, '2003-07-01'),
(92, '2003-08-01'),
(93, '2003-09-01'),
(94, '2003-10-01'),
(95, '2003-11-01'),
(96, '2003-12-01'),
(97, '2004-01-01'),
(98, '2004-02-01'),
(99, '2004-03-01'),
(100, '2004-04-01'),
(101, '2004-05-01'),
(102, '2004-06-01'),
(103, '2004-07-01'),
(104, '2004-08-01'),
(105, '2004-09-01'),
(106, '2004-10-01'),
(107, '2004-11-01'),
(108, '2004-12-01'),
(109, '2005-01-01'),
(110, '2005-02-01'),
(111, '2005-03-01'),
(112, '2005-04-01'),
(113, '2005-05-01'),
(114, '2005-06-01'),
(115, '2005-07-01'),
(116, '2005-08-01'),
(117, '2005-09-01'),
(118, '2005-10-01'),
(119, '2005-11-01'),
(120, '2005-12-01'),
(121, '2006-01-01'),
(122, '2006-02-01'),
(123, '2006-03-01'),
(124, '2006-04-01'),
(125, '2006-05-01'),
(126, '2006-06-01'),
(127, '2006-07-01'),
(128, '2006-08-01'),
(129, '2006-09-01'),
(130, '2006-10-01'),
(131, '2006-11-01'),
(132, '2006-12-01'),
(133, '2007-01-01'),
(134, '2007-02-01'),
(135, '2007-03-01'),
(136, '2007-04-01'),
(137, '2007-05-01'),
(138, '2007-06-01'),
(139, '2007-07-01'),
(140, '2007-08-01'),
(141, '2007-09-01'),
(142, '2007-10-01'),
(143, '2007-11-01'),
(144, '2007-12-01'),
(145, '2008-01-01'),
(146, '2008-02-01'),
(147, '2008-03-01'),
(148, '2008-04-01'),
(149, '2008-05-01'),
(150, '2008-06-01'),
(151, '2008-07-01'),
(152, '2008-08-01'),
(153, '2008-09-01'),
(154, '2008-10-01'),
(155, '2008-11-01'),
(156, '2008-12-01'),
(157, '2009-01-01'),
(158, '2009-02-01'),
(159, '2009-03-01'),
(160, '2009-04-01'),
(161, '2009-05-01'),
(162, '2009-06-01'),
(163, '2009-07-01'),
(164, '2009-08-01'),
(165, '2009-09-01'),
(166, '2009-10-01'),
(167, '2009-11-01'),
(168, '2009-12-01'),
(169, '2010-01-01'),
(170, '2010-02-01'),
(171, '2010-03-01'),
(172, '2010-04-01'),
(173, '2010-05-01'),
(174, '2010-06-01'),
(175, '2010-07-01'),
(176, '2010-08-01'),
(177, '2010-09-01'),
(178, '2010-10-01'),
(179, '2010-11-01'),
(180, '2010-12-01'),
(181, '2011-01-01'),
(182, '2011-02-01'),
(183, '2011-03-01'),
(184, '2011-04-01'),
(185, '2011-05-01'),
(186, '2011-06-01'),
(187, '2011-07-01'),
(188, '2011-08-01'),
(189, '2011-09-01'),
(190, '2011-10-01'),
(191, '2011-11-01'),
(192, '2011-12-01'),
(193, '2012-01-01'),
(194, '2012-02-01'),
(195, '2012-03-01'),
(196, '2012-04-01'),
(197, '2012-05-01'),
(198, '2012-06-01'),
(199, '2012-07-01'),
(200, '2012-08-01'),
(201, '2012-09-01'),
(202, '2012-10-01'),
(203, '2012-11-01'),
(204, '2012-12-01'),
(205, '2013-01-01'),
(206, '2013-02-01'),
(207, '2013-03-01'),
(208, '2013-04-01'),
(209, '2013-05-01'),
(210, '2013-06-01'),
(211, '2013-07-01'),
(212, '2013-08-01'),
(213, '2013-09-01'),
(214, '2013-10-01'),
(215, '2013-11-01'),
(216, '2013-12-01'),
(217, '2014-01-01'),
(218, '2014-02-01'),
(219, '2014-03-01'),
(220, '2014-04-01'),
(221, '2014-05-01'),
(222, '2014-06-01'),
(223, '2014-07-01'),
(224, '2014-08-01'),
(225, '2014-09-01'),
(226, '2014-10-01'),
(227, '2014-11-01'),
(228, '2014-12-01'),
(229, '2015-01-01'),
(230, '2015-02-01'),
(231, '2015-03-01'),
(232, '2015-04-01'),
(233, '2015-05-01'),
(234, '2015-06-01'),
(235, '2015-07-01'),
(236, '2015-08-01'),
(237, '2015-09-01'),
(238, '2015-10-01'),
(239, '2015-11-01'),
(240, '2015-12-01'),
(241, '2016-01-01'),
(242, '2016-02-01'),
(243, '2016-03-01'),
(244, '2016-04-01'),
(245, '2016-05-01'),
(246, '2016-06-01'),
(247, '2016-07-01'),
(248, '2016-08-01'),
(249, '2016-09-01'),
(250, '2016-10-01'),
(251, '2016-11-01'),
(252, '2016-12-01'),
(253, '2017-01-01'),
(254, '2017-02-01'),
(255, '2017-03-01'),
(256, '2017-04-01'),
(257, '2017-05-01'),
(258, '2017-06-01'),
(259, '2017-07-01'),
(260, '2017-08-01'),
(261, '2017-09-01'),
(262, '2017-10-01'),
(263, '2017-11-01'),
(264, '2017-12-01');